Dep_Airport_ID,Schedules
EET,ALL/ALL/0700-1900
BHM,ALL/ALL/ALL
DHN,ALL/ALL/ALL
EDN,"ALL/MONDAY - FRIDAY/0700 - 1700"
EDN,"ALL/SATURDAY/0800 - 1700"
EDN,ALL/SUNDAY/UNATNDD
BFM,ALL/ALL/0700-2300
IFP,ALL/ALL/ALL
P52,ALL/ALL/0800-1700
FLG,ALL/ALL/ALL
FHU,ALL/MON-FRI/1400-2230Z
GEU,ALL/ALL/0630-1930
P13,UNATNDD
GYR,ALL/ALL/ALL
IGM,ALL/MON-FRI/0600-1600
IGM,ALL/SAT-SUN/0600-1400
HII,ALL/ALL/0800-1700
MZJ,ALL/ALL/0700-1530
FFZ,ALL/ALL/ALL
OLS,ALL/ALL/0700-1900
PGA,ALL/ALL/DALGT
P20,ALL/ALL/0800-1700
PAN,ALL/MON-FRI/0700-1600
PAN,ALL/SAT-SUN/0700-1200
DVT,ALL/ALL/ALL
IWA,ALL/ALL/ALL
PHX,ALL/ALL/ALL
PRC,ALL/ALL/0600-2200
SAD,ALL/MON-SAT/0800-1700
SAD,"ALL/SUN/ON CALL"
SEZ,MAY-SEP/ALL/0700-1800
SEZ,OCT-APR/ALL/0700-1700
SDL,ALL/ALL/ALL
JTC,ALL/ALL/0800-1600
AVQ,ALL/ALL/0700-1730
TUS,ALL/ALL/ALL
RYN,ALL/SAT/0800-1700
RYN,ALL/M-F/0800-1700
E25,ALL/TUE-SAT/0700-1600
INW,ALL/MON-FRI/0700-1800
INW,ALL/SAT-SUN/0800-1700
NYL,ALL/ALL/
FYV,ALL/SAT-SUN/0800-2000
FYV,ALL/MON-FRI/0600-2200
FSM,ALL/ALL/ALL
HOT,ALL/ALL/0500-2200
JBR,ALL/ALL/0600-2100
LIT,ALL/ALL/ALL
SGT,FEB-OCT/MON-FRI/0800-1600
SGT,NOV-JAN/ALL/0800-2000
TXK,ALL/ALL/0600-2200
APV,ALL/ALL/0800-1700
ACV,"ALL/ALL /0400-2359"
AUN,ALL/ALL/0800-1800
BFL,ALL/ALL/ALL
L35,ALL/ALL/0800-1700
BUR,ALL/ALL/ALL
C83,ALL/ALL/0700-1400
CMA,ALL/ALL/0700-2300
CRQ,ALL/ALL/0700-2200
CIC,ALL/ALL/0700-1900
CNO,ALL/ALL/ALL
O22,ALL/ALL/0800-1700
CEC,ALL/ALL/0800-1800
DAG,ALL/ALL/0630-1700
EMT,ALL/ALL/ALL
FOT,UNATNDD
FAT,ALL/ALL/ALL
FUL,ALL/ALL/0700-2100
HAF,ALL/ALL/0830-1630
HMT,ALL/ALL/DALGT
WJF,ALL/ALL/ALL
NLC,ALL/MON-FRI/1600-0800Z++
NLC,ALL/SAT-SUN/1800-0200Z++
LHM,"ALL/MON-FRI/0630 - 1500"
LVK,ALL/MON-FRI/0730-1700
LVK,ALL/SAT-SUN/0700-1100
LGB,ALL/ALL/ALL
SLI,ALL/TUE-THU/1400-0600Z++
SLI,ALL/FRI-MON/1400-2300Z++
WHP,ALL/ALL/ALL
LAX,ALL/ALL/ALL
MER,ALL/ALL/0900-1800
MCE,ALL/ALL/0600-1800
MOD,"ALL/MON-FRI/0800 -1630"
SIY,ALL/ALL/0800-1700
MRY,ALL/ALL/ALL
NUQ,ALL/ALL/ALL
APC,ALL/ALL/0700-2000
EED,UNATNDD
OAK,ALL/ALL/ALL
ONT,ALL/ALL/ALL
OXR,ALL/ALL/0500-0030
PMD,ALL/ALL/1330-0600Z++
TRM,ALL/ALL/0700-1800
PSP,ALL/ALL/ALL
PRB,ALL/ALL/0700-1800
PVF,ALL/ALL/0800-1700
PTV,NOV-APR/ALL/0800-1700
PTV,MAY-OCT/ALL/0700-1900
RBL,ALL/ALL/0700-DUSK
RDD,ALL/ALL/ALL
O32,ALL/MON-FRI/0800-1530
RIV,ALL/ALL/0700-2300
SMF,ALL/ALL/ALL
MHR,ALL/MON/0500-2330
MHR,ALL/SUN/0500-2100
MHR,ALL/SAT/0300-2100
MHR,ALL/TUE-FRI/0300-2330
SAC,ALL/ALL/0800-1600
MCC,ALL/ALL/ALL
SNS,ALL/ALL/ALL
SBD,ALL/MON-SUN/0700-2100
SAN,ALL/ALL/ALL
SFO,ALL/ALL/ALL
SJC,ALL/ALL/ALL
SBP,ALL/ALL/0600-1700
SNA,ALL/ALL/ALL
SBA,ALL/ALL/0600-2300
SMX,ALL/ALL/0600-2200
STS,ALL/ALL/0600-2200
MIT,ALL/MON-FRI/0800-1700
TVL,"ALL/ /0700-1600"
SCK,ALL/ALL/ALL
TOA,ALL/ALL/0600-2200
TRK,ALL/ALL/0700-2130
UKI,JUN/MON-FRI/0800-2000
UKI,JUN/SAT-SUN/0930-2000
UKI,JUL-AUG/MON-FRI/0800-2030
UKI,JUL-AUG/SAT-SUN/1000-2030
UKI,SEP/MON-FRI/0800-2000
UKI,SEP/SAT-SUN/0930-2000
UKI,OCT/ALL/0800-1930
UKI,NOV/ALL/0800-1800
UKI,DEC-APR/ALL/0800-1730
UKI,MAY/MON-FRI/0800-1930
UKI,MAY/SAT-SUN/0930-1930
VNY,ALL/ALL/ALL
WVI,ALL/ALL/0900-1700
ALS,ALL/ALL/0800-1930
ASE,ALL/ALL/0700-2300
1V6,ALL/ALL/0800-1700
COS,ALL/ALL/ALL
CEZ,ALL/ALL/DAWN-DUSK
BJC,ALL/ALL/ALL
APA,ALL/ALL/ALL
DRO,ALL/ALL/0400-2400
EGE,APR-NOV/ALL/0700-1900
EGE,DEC-MAR/ALL/0700-2300
FNL,ALL/ALL/ALL
FMM,ALL/MON-SAT/0800-1700
GNB,UNATNDD
GJT,ALL/ALL/0530-0000L
HDN,ALL/ALL/0600-2000
MVI,ALL/MON-FRI/0800-1700
MVI,ALL/SAT-SUN/ON-CALL
MTJ,APR1-DEC15/ALL/0530-2100
MTJ,DEC16-MAR31/ALL/0500-2100
PUB,ALL/ALL/0500-2200
RIL,ALL/ALL/ALL
SBS,MAY-OCT/ALL/0700-1700
SBS,NOV-APR/ALL/0700-1700
BDR,ALL/ALL/0600-2400
GON,"ALL/ALL/0600- 2100"
BDL,ALL/ALL/ALL
IAD,ALL/ALL/ALL
HEF,ALL/ALL/0630-2230
BOW,ALL/ALL/0600-1800
BCT,ALL/ALL/ALL
BKV,ALL/ALL/0600-2200
CLW,ALL/ALL/0700-2300
CEW,ALL/ALL/0600-2000
FLL,ALL/ALL/ALL
FXE,ALL/ALL/ALL
RSW,ALL/ALL/0700-0100
FPR,ALL/ALL/0700-2100
JAX,ALL/ALL/ALL
VQQ,ALL/MON-FRI/0700-2300
VQQ,ALL/SAT-SUN/0700-2100
CRG,ALL/MON-FRI/0600-2300
CRG,ALL/SAT-SUN/0700-2200
EYW,ALL/ALL/0700-2300
LCQ,ALL/ALL/0800-1800
LAL,ALL/ALL/ALL
MKY,ALL/ALL/0700-1900
MLB,ALL/ALL/ALL
MIA,ALL/ALL/ALL
2R4,ALL/ALL/0700-DUSK
APF,ALL/ALL/0600-2200
EVB,ALL/ALL/0700-2200
OCF,ALL/ALL/0600-2100
ISM,ALL/ALL/0700-2200
MCO,ALL/ALL/ALL
ORL,ALL/ALL/ALL
ECP,ALL/ALL/ALL
SRQ,ALL/ALL/ALL
SUA,ALL/ALL/0800-2300
TLH,ALL/ALL/ALL
X21,ALL/ALL/0800-2000
TIX,ALL/ALL/0700-2100
VNC,ALL/ALL/0700-1900
X60,ALL/ALL/0730-1730
AHN,ALL/ALL/0600-2100
FFC,DECEMBER/24/0700-1200
FFC,ALL/ALL/0700-2000
FFC,DECEMBER/25/CLSD
FFC,NOVEMBER/26/0700-1200
RYY,ALL/ALL/0600-0000
PDK,ALL/ALL/ALL
DNL,ALL/ALL/0700-DUSK
AGS,ALL/ALL/ALL
18A,UNATNDD
CNI,ALL/ALL/0800-1800
CTJ,ALL/MON-SAT/0800-1800
CTJ,ALL/SUN/1300-1700
48A,ALL/MON-SAT/0800-1200
HMP,ALL/MON-FRI/0800-1700
AZE,ALL/MON-FRI/0800-1700
JZP,ALL/ALL/0900-1800
09J,ALL/ALL/0900-1600
LZU,ALL/ALL/ALL
SAV,ALL/ALL/0600-2300
OPN,ALL/ALL/0800-1800
VDI,ALL/ALL/0800-1800
WDR,ALL/SUN/1100-1700
WDR,ALL/M-F/0900-1800
WDR,ALL/SAT/0900-1700
BOI,ALL/ALL/ALL
65S,ALL/MON-FRI/0800-1700
65S,ALL/SAT/0800-1600
LLJ,ALL/MON-FRI/0700-1700
COE,ALL/ALL/0700-1700
GIC,UNATNDD
SUN,ALL/ALL/0700-2300
IDA,ALL/ALL/0530-2130
JER,ALL/ALL/0800-1700
LWS,ALL/ALL/0530-2100
MYL,OCT-APR/ALL/0900L-1600L
MYL,MAY-SEP/ALL/0800L-1800L
MAN,ALL/ALL/0800-1700
PIH,ALL/ALL/0600-2200
U10,ALL/ALL/DALGT
SMN,ALL/ALL/0800-1700
SZT,WINTER/ALL/0800-1700
SZT,SUMMER/ALL/0700-1700
TWF,ALL/ALL/0630-2000
CPS,ALL/ALL/ALL
UGN,ALL/ALL/ALL
DPA,ALL/ALL/ALL
MLI,ALL/ALL/ALL
PIA,ALL/ALL/ALL
RFD,ALL/ALL/ALL
SPI,ALL/ALL/0530-0000
BAK,ALL/ALL/0600-2000
EVV,ALL/ALL/ALL
GYY,ALL/ALL/ALL
HFY,ALL/MON-SAT/0700-1900
HFY,ALL/SUN/0800-1700
IND,ALL/ALL/ALL
LAF,ALL/ALL/0600-2200
RID,ALL/ALL/0800-1745
DBQ,ALL/ALL/0600-2200
GCK,ALL/ALL/0700-2100
HUT,ALL/MON-FRI/0800-1800
HUT,ALL/SAT-SUN/0800-1700
LBL,ALL/MON-FRI/0600-2000
LBL,ALL/SAT-SUN/0700-2000
EWK,ALL/ALL/0700-2300
TOP,ALL/ALL/0700-2100
ICT,ALL/ALL/ALL
AAO,ALL/ALL/ALL
IAB,ALL/ALL/ALL
BWG,ALL/ALL/ALL
FFT,ALL/MON-FRI/0700-2000
FFT,ALL/SAT-SUN/0900-1800
GLW,ALL/MON-SAT/0800-1700
LOZ,NOV-MAR/SAT-SUN/0800-1900
LOZ,APR-OCT/MON-FRI/0700-2000
LOZ,APR-OCT/SAT-SUN/0800-2000
LOZ,NOV-MAR/MON-FRI/0700-1900
2I0,ALL/MON-FRI/0700-1700
2I0,ALL/HOLIDAY/0800-1700
2I0,ALL/SAT-SUN/0800-1700
M25,ALL/ALL/0700-1500
EKQ,ALL/MON-SAT/0830-1730
EKQ,ALL/SUN/UNATNDD
IOB,ALL/ALL/0800-1800
PAH,ALL/ALL/0500-1800
SJS,ALL/ALL/0800-DUSK
HUM,ALL/ALL/0600-1900
LFT,ALL/ALL/ALL
MLU,ALL/ALL/ALL
NEW,ALL/ALL/ALL
SHV,ALL/ALL/ALL
TVR,ALL/ALL/0700-1900
BGR,ALL/ALL/ALL
RKD,ALL/MON-FRI/0600-1700
SFM,OCT-MAY/ALL/0700-1700
SFM,JUN-SEPT/ALL/0700-1900
BWI,ALL/ALL/ALL
FDK,ALL/ALL/0700-2100++
AQW,ALL/ALL/0800-1630
OWD,"ALL/MON - FRI/0800-1700"
GLR,MAY-OCT/ALL/0730-1800
GLR,NOV-APR/ALL/0630-1700
OZW,ALL/SAT-SUN/0800-1200
OZW,ALL/MON-FRI/0700-1700
LAN,ALL/ALL/ALL
SAW,ALL/ALL/0500-2000
OSC,ALL/MON-FRI/0800-1700
OSC,"ALL/SAT-SUN/ON CALL"
PLN,ALL/ALL/0600-2300
LWA,ALL/ALL/0900-1700
TVC,ALL/ALL/0400-0100
AIT,APR-OCT/ALL/0800-1700
AIT,NOV-MAR/MON-FRI/0900-1700
AUM,ALL/SAT/0800-1600
AUM,ALL/SUN/0900-1500
AUM,ALL/MON-FRI/0800-1700
BJI,ALL/MON/0700-2100
BJI,ALL/SAT-SUN/0800-1700
BJI,ALL/TUE-FRI/0600-2100
BRD,JUL-OCT/ALL/0500-2300
BRD,NOV-JUN/ALL/0500-2300
COQ,ALL/MON-SAT/0800-1700
DLH,ALL/ALL/ALL
ELO,ALL/ALL/0800-1700
GPZ,NOV-MAR/ALL/0700-2000
GPZ,APR-OCT/ALL/0700-2100
HIB,ALL/ALL/0600-2200
INL,ALL/ALL/DALGT
MKT,ALL/SAT-SUN/0800-1900
MKT,ALL/MON-FRI/0700-2000
MSP,ALL/ALL/ALL
ANE,ALL/ALL/ALL
FCM,ALL/ALL/ALL
RST,ALL/ALL/ALL
STP,ALL/ALL/ALL
SGS,ALL/MON-SAT/0830-1700
SGS,ALL/SUN/0830-1530
TWM,NOV-APR/MON-FRI/0800-1700
TWM,MAY-OCT/SUN-SAT/0800-1700
RRT,ALL/MON-FRI/0700-1700
HSA,ALL/MON-FRI/0700-1900
HSA,ALL/SAT-SUN/0800-2000
GTR,ALL/ALL/ALL
JAN,ALL/ALL/ALL
MEI,ALL/ALL/0600-2200
HEZ,ALL/ALL/0600-2000
UOX,ALL/ALL/0700-1800
VKS,ALL/MON-FRI/0730-1700
M17,ALL/MON-SAT/0800-1700
BBG,ALL/ALL/ALL
CGI,ALL/MON-FRI/0600-1900
CGI,ALL/SAT-SUN/0600-1800
AIZ,MAY-SEP/MON-WED/0800-1800
AIZ,OCT-APR/ALL/0800-1800
AIZ,MAY-SEP/THU-SUN/0800-2000
MKC,ALL/ALL/ALL
TKX,ALL/SUN/1300-1700
TKX,ALL/MON-SAT/0800-1700
IRK,ALL/ALL/0530-2000
MBY,ALL/ALL/0800-1700
VIH,ALL/SAT-SUN/0700-1700
VIH,ALL/MON-FRI/0600-1700
SIK,ALL/ALL/0800-1700
SGF,ALL/ALL/ALL
BHK,ALL/MON-FRI/0800-1700
BHK,ALL/SAT/0800-1200
6S0,ALL/MON-FRI/0800-1700
6S0,"ALL/SAT-SUN/ON CALL"
BIL,ALL/ALL/ALL
BZN,ALL/ALL/0500-0100
8S0,UNATNDD
BTM,ALL/ALL/DAWN-DUSK
LTY,MAR-NOV/MON-FRI/0800-1700
LTY,DEC-FEB/IREG/
6S3,ALL/MON-FRI/0800-1700
CTB,ALL/ALL/0830-1730
38S,UNATNDD
DLN,ALL/ALL/0800-1700
GTF,ALL/ALL/ALL
HRF,ALL/ALL/0800-1700
HLN,ALL/ALL/0500-0100
GPI,ALL/ALL/ALL
LWT,ALL/MON-FRI/0800-1700
MLS,ALL/ALL/DALGT
MSO,ALL/ALL/ALL
8S1,ALL/ALL/0800-1700
7S0,UNATNDD
SDY,ALL/ALL/0600-1900
32S,UNATNDD
RVF,ALL/MON-FRI/0800-1700
WYS,MAY-OCT/ALL/0800-1700
FET,ALL/ALL/0700-2000
EAR,ALL/ALL/0600-2000
LNK,ALL/ALL/ALL
LBF,ALL/ALL/0600-2300
OMA,ALL/ALL/ALL
BFF,ALL/ALL/0600-2100
SNY,ALL/ALL/0700-1800
BAM,JUN-SEP/ALL/0700-1800
BAM,OCT-MAY/ALL/0700-1700
BVU,ALL/ALL/0800-1700
CXP,ALL/ALL/0600-2000
EKO,ALL/ALL/0500-1900
ELY,ALL/MON-SAT/0800-1700
INS,ALL
VGT,ALL/ALL/0600-2230
HND,ALL/ALL/0500-2200
LAS,ALL/ALL/ALL
LOL,UNATNDD
MEV,ALL/ALL/0800-1700
RNO,ALL/ALL/ALL
RTS,"ALL/MONDAY - FRIDAY/0700-1630"
EEN,ALL/MON-FRI/0700-1900
EEN,ALL/SAT-SUN/0700-1700
ACY,ALL/ALL/ALL
MMU,ALL/ALL/0645-2230
WWD,ALL/ALL/0800-1700
ALM,ALL/ALL/0700-1700
AEG,ALL/ALL/0600-1900
ABQ,ALL/ALL/ALL
BRG,ALL/MON-FRI/0800-1700
CVN,ALL/ALL/0700-1700
DMN,ALL/ALL/0700-1800
FMN,ALL/ALL/0600-2200
LVS,ALL/MON-FRI/0800-1700
ROW,ALL/ALL/0600-2100
SAF,ALL/ALL/0600-2200
SVC,ALL/ALL/0600-1700
SKX,ALL/ALL/0800-1800
ITH,ALL/ALL/0500-0000
PEO,ALL/SAT/0900-1500
PEO,ALL/SUN/0900-1500
PEO,ALL/MON-FRI/0800-1700
POU,ALL/ALL/0700-2130
AVL,ALL/ALL/ALL
JQF,ALL/ALL/ALL
GSO,ALL/ALL/ALL
MQI,ALL/ALL/0800-1900
EQY,ALL/ALL/0700-1900
14A,"ALL/SAT - SUN/1000-1600"
14A,"ALL/MON - FRI/0800-1700"
SOP,ALL/ALL/0800-2000
SVH,ALL/SAT-SUN/0800-2100
SVH,ALL/MON-FRI/0600-2100
BIS,ALL/ALL/ALL
DIK,ALL/ALL/0700-1600
FAR,ALL/ALL/ALL
JMS,ALL/MON-FRI/0800-1700
S25,ALL/MON-FRI/0800-1700
XWA,ALL/ALL/0700-1900
UNI,ALL/ALL/ALL
LUK,ALL/ALL/ALL
DFI,ALL/MON-FRI/0800-1800
DFI,ALL/SAT/0800-1700
TOL,ALL/ALL/ALL
ADH,ALL/MON-SAT/0800-1700
ADH,ALL/SUN/1200-1700
ADM,ALL/MON-FRI/0700-2300
ADM,ALL/SAT-SUN/0700-1700
BVO,ALL/MON-THU/0700-1900
BVO,ALL/FRI-SUN/0700-1800
6K4,ALL/MON-SAT/DALGT
OKC,ALL/ALL/ALL
RCE,ALL/MON-SAT/0730-1730
PNC,ALL/ALL/0700-1900
TUL,ALL/ALL/ALL
AST,ALL/ALL/0800-1700
UAO,ALL/ALL/0700-2000
BKE,OCT-APR/ALL/0700-1600
BKE,MAY-SEPT/ALL/0800-1700
BDN,ALL/SAT-SUN/0800-1700
BDN,ALL/MON-FRI/0730-1800
BNO,"ALL/MON -SAT/0800-1800"
CVO,ALL/ALL/0800-DUSK
77S,ALL/SAT-SUN/1100-1600
77S,ALL/MON-FRI/0900-1800
EUG,ALL/ALL/ALL
4S2,NOV-APR/ALL/0800-1700
4S2,MAY-OCT/ALL/0800-1800
GCD,JUN-SEP/ALL/0700-1900
GCD,OCT-MAY/MON-SAT/0800-1600
LMT,ALL/SAT-SUN/UNATNDD
LMT,ALL/MON-FRI/0630-1700
LGD,ALL/ALL/0800-1700
LKV,APR-SEP/ALL/0900-1600
LKV,OCT-MAR/ALL/0700-1700
MMV,ALL/ALL/1600-0100Z
S33,MAY-OCT/ALL/0800-1800
S33,NOV-APR/ALL/0800-1700
MFR,ALL/ALL/0500-2400
ONP,ALL/ALL/0800-1700
OTH,ALL/ALL/0500-2100
ONO,ALL/ALL/0800-1700
22S,UNATNDD
PDT,ALL/ALL/0600-2000
HIO,ALL/ALL/0600-2200
PDX,ALL/ALL/ALL
S39,ALL/MON-FRI/0800-16:30
S39,ALL/SAT-SUN/0900-1400
RDM,ALL/ALL/0400-2000
REO,UNATNDD
RBG,ALL/ALL/0800-1700
SLE,ALL/ALL/0730-DUSK
SPB,ALL/ALL/0800-DUSK
S21,"MAY 15 - 14 OCT/ALL/0700-1900"
S21,"15 OCT - 14 MAY/ALL/0800-1800"
DLS,ALL/ALL/0800-1700
TMK,ALL/ALL/0900-1700
CXY,ALL/ALL/0600-2300
PHL,ALL/ALL/ALL
PNE,ALL/SAT-SUN/0600-2230
PNE,ALL/MON-FRI/0500-0030
AGC,ALL/ALL/ALL
UNV,ALL/ALL/ALL
AIK,ALL/ALL/0600-1800
JZI,ALL/ALL/0600-2200
CHS,ALL/ALL/ALL
CUB,ALL/ALL/0600-2200
GMU,ALL/MON-FRI/0600-2100
GMU,ALL/SAT-SUN/0700-2000
GYH,ALL/ALL/0600-1900
HXD,ALL/ALL/0600-2200
ABR,ALL/MON-FRI/0330-2400L
HON,ALL/ALL/0700-SS
PIR,ALL/MON-FRI/0500-2400
PIR,ALL/SAT-SUN/0500-2200
RAP,ALL/ALL/ALL
FSD,ALL/ALL/ALL
SPF,ALL/ALL/0730-DUSK
YKN,ALL/MON-FRI/0800-1700
TRI,ALL/ALL/ALL
CHA,ALL/ALL/ALL
RZR,ALL/ALL/0700-1800
M29,UNATNDD
M02,ALL/ALL/0800-1800
HZD,ALL/MON-SAT/0800-1700
HZD,ALL/SUN/1300-1700
MKL,ALL/MON-FRI/0600-2030
MKL,ALL/SAT-SUN/0700-1930
DKX,ALL/ALL/0700-2200
TYS,ALL/ALL/ALL
M54,"OCT - FEB/ALL/0700-1700"
M54,"MAR - SEP/ALL/0700-1900"
MNV,ALL/ALL/0900-1700
NQA,ALL/MON-FRI/0730-0200
NQA,ALL/SAT-SUN/0700-1900
BNA,ALL/ALL/ALL
JWN,ALL/ALL/ALL
PHT,ALL/MON-SAT/0800-1630
ABI,ALL/ALL/ALL
AMA,ALL/ALL/ALL
AUS,ALL/ALL/ALL
BMT,ALL/ALL/0700-1900
BEA,UNATNDD
BPG,ALL/MON-FRI/0800-1700
XBP,ALL/MON-FRI/0700-1600
CDS,ALL/ALL/0900-1700
CLL,ALL/ALL/0600-2200
CRP,ALL/ALL/ALL
ADS,ALL/ALL/0600-2200
DAL,ALL/ALL/ALL
LUD,ALL/ALL/0800-1700
DTO,ALL/ALL/0600-2200
ELP,ALL/ALL/ALL
BKS,NOV-FEB/ALL/0900-1700
BKS,MAR-OCT/MON-FRI/0900-1600
FTW,ALL/ALL/ALL
AFW,ALL/ALL/ALL
T82,ALL/MON-FRI/0800-1700
GTU,ALL/ALL/0700-1900
GVT,ALL/SUN-THU/0730-1700
GVT,ALL/FRI-SAT/0730-1800
DZB,ALL/ALL/0700-1900
EFD,ALL/ALL/ALL
IAH,ALL/ALL/ALL
TME,ALL/ALL/ALL
HOU,ALL/ALL/ALL
CXO,ALL/MON-FRI/0800-1700
CXO,ALL/SAT-SUN/0800-1600
AQO,ALL/TUE-THU/0800-1700
AQO,ALL/FRI-MON/0700-1700
GGG,ALL/ALL/0600-2100
LBB,ALL/ALL/ALL
T31,UNATNDD
MRF,ALL/ALL/0800-1600
MAF,ALL/ALL/ALL
MWL,ALL/ALL/0600-2000
ODO,ALL/ALL/0600-2000
SJT,ALL/ALL/0600-2200
SSF,ALL/ALL/0700-2200
SAT,ALL/ALL/ALL
GNC,ALL/MON-FRI/0800-1800
GNC,ALL/SAT/0800-1200
SWI,ALL/ALL/0800-1700
TRL,ALL/ALL/0800-2000
UVA,ALL/ALL/0700-1900
F05,ALL/MON-SAT/0800-1700
VCT,ALL/MON-FRI/0600-2000
VCT,ALL/SAT/0600-2000
VCT,ALL/SUN/0600-1800
ACT,ALL/ALL/0430-2400
SPS,ALL/ALL/ALL
BTF,"APR - SEP/MON-FRI/0800-1800"
BTF,"ALL/SUN/0800 - 1300"
BTF,"OCT - MAR/SAT/0800-1700"
BTF,"OCT - MAR/MON-FRI/0800-1700"
BTF,"APR - SEP/SAT/0800-1800"
CDC,ALL/ALL/DALGT
DPG,ALL/MON-THU/1400-2400Z++
CNY,MAR-OCT/ALL/0700-1900
CNY,NOV-FEB/ALL/0800-1700
HIF,ALL/MON-SAT/1500-0700Z++
HIF,ALL/SAT-SUN/1600-0000Z++
OGD,ALL/ALL/ALL
PUC,NOV-MAR/MON-SAT/0800-1700
PUC,APRIL-OCT/MON-SUN/0800-1800
PVU,NOV-MAY/ALL/0600-2100
PVU,JUN-OCT/ALL/0600-2200
RIF,ALL/ALL/0800-1700
SGU,ALL/ALL/0600-2400
U42,ALL/ALL/0700-2100
SLC,ALL/ALL/ALL
VEL,ALL/ALL/DAWN-DUSK
ENV,ALL/ALL/0800-1800
RMN,ALL/ALL/0800-1800
HSP,ALL/ALL/0900-1700
JYO,ALL/ALL/0500-2000
JFZ,ALL/MON-SAT/0800-1700
RIC,ALL/ALL/ALL
ROA,ALL/ALL/ALL
74S,UNATNDD
AWO,ALL/M-F/0800-1700
BLI,ALL/ALL/ALL
S97,UNATNDD
BVS,ALL/ALL/0700-1900
DEW,APR-OCT/ALL/0800-1700
DEW,NOV-MAR/ALL/1000-1600
PAE,MAY-OCT/ALL/0700-2100
PAE,NOV-APR/ALL/0700-2100
FHR,ALL/MON-FRI/0800-1700
MWH,ALL/ALL/ALL
OLM,ALL/ALL/0800-1800
PSC,ALL/ALL/0800-2000
CLM,ALL/ALL/0900-1930
PUW,ALL/ALL/0800-1800
RNT,ALL/ALL/0700-DUSK
BFI,ALL/ALL/ALL
GEG,ALL/ALL/ALL
SFF,ALL/ALL/0600-2000
TCM,ALL/ALL/ALL
TIW,ALL/ALL/0700-1600
VUO,APR-OCT/ALL/0800-1800
VUO,NOV-MAR/ALL/0800-1700
ALW,ALL/ALL/0800-1800
EAT,ALL/ALL/0800-1800
S52,UNATNDD
YKM,"ALL/ALL/0600 - 2000"
MRB,OCT-APR/ALL/0700-1900
MRB,MAY-SEPT/ALL/0700-1900
I18,ALL/ALL/0800-1600
ATW,ALL/ALL/ALL
GRB,ALL/ALL/0500-2200
ENW,ALL/ALL/0700-2100
LSE,ALL/ALL/0600-2100
MWC,ALL/MON-FRI/0600-2100
MWC,ALL/SAT-SUN/0700-2100
C35,ALL/ALL/0800-1600
SUE,ALL/SUN/1000-1700
SUE,ALL/MON-SAT/0700-1700
Y51,UNATNDD
46U,UNATNDD
CPR,ALL/ALL/ALL
CYS,ALL/ALL/0600-2200
COD,ALL/ALL/0500-2300
EVW,ALL/ALL/0700-1900
GCC,ALL/ALL/0500-2400
GEY,UNATNDD
JAC,ALL/ALL/0700-2130
LND,ALL/ALL/0600-1600
LAR,ALL/ALL/0500-2100
RKS,ALL/ALL/0400-2200
SAA,DEC-MAR/ALL/0800-1600
SAA,APR-NOV/ALL/0800-1700
SHR,ALL/ALL/DALGT
ADK,ALL/SAT-WED/0800-1600
7AK,ALL/ALL/0700-1900
6A8,UNATNDD
ANC,ALL/ALL/ALL
MRI,ALL/MON-FRI/0730-1700
EDF,ALL/ALL/ALL
BRW,ALL/ALL/0600-2030
BET,MAR-OCT/MON-FRI/0630-2200
BET,NOV-APR/SAT-SUN/0700-2100
BET,NOV-APR/MON-FRI/0500-2100
BET,MAR-OCT/SAT-SUN/0700-2200
BGQ,UNATNDD
9A3,UNATNDD
CDB,"ALL/MON - SAT/0700 - 1800"
CDV,ALL/MON-FRI/0600-1630
CDV,ALL/SAT-SUN/0600-1630
BIG,ALL/MON-FRI/1715-0100Z++
DLG,ALL/ALL/0700-1730
FBK,ALL/MON-FRI/1700-0800++
FAI,ALL/ALL/ALL
FYU,UNATNDD
GAL,OCT-APR/MON-FRI/0600-1700
GKN,JUN-SEP/MON-FRI/0900-1700
GKN,OCT-MAY/MON-FRI/1000-1500
GST,"15 MAY-1 SEP/TUE-THU/0600-1800"
GST,"1 SEP-15 MAY/ALL/0600-1430"
GST,"15 MAY-1SEP/FRI-MON/0930-1800"
HNS,UNATNDD
HOM,NOV-MAR/ALL/0400-2100
HOM,APR-OCT/ALL/0600-2100
HPB,UNATNDD
HLA,UNATNDD
JNU,ALL/ALL/ALL
ENA,ALL/MON-FRI/0800-1700
KTN,ALL/ALL/0600-2130
KVC,UNATNDD
ADQ,"SAME AS ARPT MAINT HRS"
MCG,MAY-SEPT/MON-WED/0700-1730
MCG,"OCT-APR/MON-FRI/0800 - 1630"
MCG,MAY-SEPT/THURS/0700-1500
MLY,UNATNDD
ENN,UNATTND
OME,ALL/ALL/0700-2100
NUL,UNATNDD
PAQ,ALL/M-F/0800-1700
PSG,OCT-MAR/ALL/0500-1600
PSG,APR-SEP/MON-FRI/0600-1630
PSG,APR-SEP/SAT-SUN/0830-1630
PBV,UNATNDD
SNP,UNATNDD
SDP,"JAN - DEC/MON - SAT/0800-1600"
SIT,ALL/ALL/
SXQ,ALL/ALL/0700-1600
TAL,UNATNDD
6K8,ALL/MON-FRI/0800-1800
DUT,ALL/ALL/0800-1630
VDZ,"JAN-DEC/SAT & SUN/0800-1830"
VDZ,"JAN-DEC/MON - FRI/0600-1830"
WRG,ALL/ALL/0600-1700
YAK,ALL/ALL/1430Z-0130Z
ITO,ALL/ALL/0700-2030
HNL,ALL/ALL/ALL
OGG,ALL/ALL/ALL
CZBB,ALL/ALL/0700-2100
MYAF,"ALL/ALL/1400-2230Z++ UTC-5(-4DT)"
MYAM,"ALL/MON-FRI/1200Z++-DUSK UTC-5(-4DT)"
