Dep_Airport_ID,Schedules,Facility_Type,Wind_Indicator
EET,ALL/ALL/0700-1900,AIRPORT,Y-L
BHM,ALL/ALL/ALL,AIRPORT,Y-L
DHN,ALL/ALL/ALL,AIRPORT,Y-L
EDN,"ALL/MONDAY - FRIDAY/0700 - 1700",AIRPORT,Y-L
EDN,"ALL/SATURDAY/0800 - 1700",AIRPORT,Y-L
EDN,ALL/SUNDAY/UNATNDD,AIRPORT,Y-L
BFM,ALL/ALL/0700-2300,AIRPORT,Y-L
IFP,ALL/ALL/ALL,AIRPORT,Y-L
P52,ALL/ALL/0800-1700,AIRPORT,Y-L
FLG,ALL/ALL/ALL,AIRPORT,Y-L
FHU,ALL/MON-FRI/1400-2230Z,AIRPORT,Y-L
GEU,ALL/ALL/0630-1930,AIRPORT,Y-L
P13,UNATNDD,AIRPORT,Y-L
GYR,ALL/ALL/ALL,AIRPORT,Y-L
IGM,ALL/MON-FRI/0600-1600,AIRPORT,Y-L
IGM,ALL/SAT-SUN/0600-1400,AIRPORT,Y-L
HII,ALL/ALL/0800-1700,AIRPORT,Y-L
MZJ,ALL/ALL/0700-1530,AIRPORT,Y-L
FFZ,ALL/ALL/ALL,AIRPORT,Y-L
OLS,ALL/ALL/0700-1900,AIRPORT,Y-L
PGA,ALL/ALL/DALGT,AIRPORT,Y-L
P20,ALL/ALL/0800-1700,AIRPORT,Y-L
PAN,ALL/MON-FRI/0700-1600,AIRPORT,Y-L
PAN,ALL/SAT-SUN/0700-1200,AIRPORT,Y-L
DVT,ALL/ALL/ALL,AIRPORT,Y-L
IWA,ALL/ALL/ALL,AIRPORT,Y
PHX,ALL/ALL/ALL,AIRPORT,Y-L
PRC,ALL/ALL/0600-2200,AIRPORT,Y-L
SAD,ALL/MON-SAT/0800-1700,AIRPORT,Y-L
SAD,"ALL/SUN/ON CALL",AIRPORT,Y-L
SEZ,MAY-SEP/ALL/0700-1800,AIRPORT,Y-L
SEZ,OCT-APR/ALL/0700-1700,AIRPORT,Y-L
SDL,ALL/ALL/ALL,AIRPORT,Y-L
JTC,ALL/ALL/0800-1600,AIRPORT,Y-L
AVQ,ALL/ALL/0700-1730,AIRPORT,Y-L
TUS,ALL/ALL/ALL,AIRPORT,Y-L
RYN,ALL/SAT/0800-1700,AIRPORT,Y-L
RYN,ALL/M-F/0800-1700,AIRPORT,Y-L
E25,ALL/TUE-SAT/0700-1600,AIRPORT,Y-L
INW,ALL/MON-FRI/0700-1800,AIRPORT,Y-L
INW,ALL/SAT-SUN/0800-1700,AIRPORT,Y-L
NYL,ALL/ALL/,AIRPORT,Y-L
FYV,ALL/SAT-SUN/0800-2000,AIRPORT,Y-L
FYV,ALL/MON-FRI/0600-2200,AIRPORT,Y-L
FSM,ALL/ALL/ALL,AIRPORT,Y-L
HOT,ALL/ALL/0500-2200,AIRPORT,Y-L
JBR,ALL/ALL/0600-2100,AIRPORT,Y-L
LIT,ALL/ALL/ALL,AIRPORT,Y-L
SGT,FEB-OCT/MON-FRI/0800-1600,AIRPORT,Y
SGT,NOV-JAN/ALL/0800-2000,AIRPORT,Y
TXK,ALL/ALL/0600-2200,AIRPORT,Y-L
APV,ALL/ALL/0800-1700,AIRPORT,Y-L
ACV,"ALL/ALL /0400-2359",AIRPORT,Y-L
AUN,ALL/ALL/0800-1800,AIRPORT,Y-L
BFL,ALL/ALL/ALL,AIRPORT,Y-L
L35,ALL/ALL/0800-1700,AIRPORT,Y-L
BUR,ALL/ALL/ALL,AIRPORT,Y-L
C83,ALL/ALL/0700-1400,AIRPORT,
CMA,ALL/ALL/0700-2300,AIRPORT,Y-L
CRQ,ALL/ALL/0700-2200,AIRPORT,N
CIC,ALL/ALL/0700-1900,AIRPORT,Y-L
CNO,ALL/ALL/ALL,AIRPORT,Y-L
O22,ALL/ALL/0800-1700,AIRPORT,Y-L
CEC,ALL/ALL/0800-1800,AIRPORT,Y-L
DAG,ALL/ALL/0630-1700,AIRPORT,Y-L
EMT,ALL/ALL/ALL,AIRPORT,Y-L
FOT,UNATNDD,AIRPORT,Y-L
FAT,ALL/ALL/ALL,AIRPORT,Y-L
FUL,ALL/ALL/0700-2100,AIRPORT,Y-L
HAF,ALL/ALL/0830-1630,AIRPORT,Y-L
HMT,ALL/ALL/DALGT,AIRPORT,Y-L
WJF,ALL/ALL/ALL,AIRPORT,Y-L
NLC,ALL/MON-FRI/1600-0800Z++,AIRPORT,
NLC,ALL/SAT-SUN/1800-0200Z++,AIRPORT,
LHM,"ALL/MON-FRI/0630 - 1500",AIRPORT,Y-L
LVK,ALL/MON-FRI/0730-1700,AIRPORT,Y-L
LVK,ALL/SAT-SUN/0700-1100,AIRPORT,Y-L
LGB,ALL/ALL/ALL,AIRPORT,Y-L
SLI,ALL/TUE-THU/1400-0600Z++,AIRPORT,
SLI,ALL/FRI-MON/1400-2300Z++,AIRPORT,
WHP,ALL/ALL/ALL,AIRPORT,Y-L
LAX,ALL/ALL/ALL,AIRPORT,Y-L
MER,ALL/ALL/0900-1800,AIRPORT,Y-L
MCE,ALL/ALL/0600-1800,AIRPORT,Y-L
MOD,"ALL/MON-FRI/0800 -1630",AIRPORT,Y-L
SIY,ALL/ALL/0800-1700,AIRPORT,Y-L
MRY,ALL/ALL/ALL,AIRPORT,Y-L
NUQ,ALL/ALL/ALL,AIRPORT,Y-L
APC,ALL/ALL/0700-2000,AIRPORT,Y-L
EED,UNATNDD,AIRPORT,Y-L
OAK,ALL/ALL/ALL,AIRPORT,Y-L
ONT,ALL/ALL/ALL,AIRPORT,Y-L
OXR,ALL/ALL/0500-0030,AIRPORT,Y-L
PMD,ALL/ALL/1330-0600Z++,AIRPORT,Y
TRM,ALL/ALL/0700-1800,AIRPORT,Y-L
PSP,ALL/ALL/ALL,AIRPORT,Y-L
PRB,ALL/ALL/0700-1800,AIRPORT,Y-L
PVF,ALL/ALL/0800-1700,AIRPORT,Y-L
PTV,NOV-APR/ALL/0800-1700,AIRPORT,Y-L
PTV,MAY-OCT/ALL/0700-1900,AIRPORT,Y-L
RBL,ALL/ALL/0700-DUSK,AIRPORT,Y-L
RDD,ALL/ALL/ALL,AIRPORT,Y-L
O32,ALL/MON-FRI/0800-1530,AIRPORT,Y-L
RIV,ALL/ALL/0700-2300,AIRPORT,
SMF,ALL/ALL/ALL,AIRPORT,Y-L
MHR,ALL/MON/0500-2330,AIRPORT,Y-L
MHR,ALL/SUN/0500-2100,AIRPORT,Y-L
MHR,ALL/SAT/0300-2100,AIRPORT,Y-L
MHR,ALL/TUE-FRI/0300-2330,AIRPORT,Y-L
SAC,ALL/ALL/0800-1600,AIRPORT,Y-L
MCC,ALL/ALL/ALL,AIRPORT,Y
SNS,ALL/ALL/ALL,AIRPORT,Y-L
SBD,ALL/MON-SUN/0700-2100,AIRPORT,Y-L
SAN,ALL/ALL/ALL,AIRPORT,Y-L
SFO,ALL/ALL/ALL,AIRPORT,Y-L
SJC,ALL/ALL/ALL,AIRPORT,Y-L
SBP,ALL/ALL/0600-1700,AIRPORT,Y-L
SNA,ALL/ALL/ALL,AIRPORT,Y-L
SBA,ALL/ALL/0600-2300,AIRPORT,Y-L
SMX,ALL/ALL/0600-2200,AIRPORT,Y-L
STS,ALL/ALL/0600-2200,AIRPORT,Y-L
MIT,ALL/MON-FRI/0800-1700,AIRPORT,Y-L
TVL,"ALL/ /0700-1600",AIRPORT,Y-L
SCK,ALL/ALL/ALL,AIRPORT,Y-L
TOA,ALL/ALL/0600-2200,AIRPORT,Y-L
TRK,ALL/ALL/0700-2130,AIRPORT,Y-L
UKI,JUN/MON-FRI/0800-2000,AIRPORT,Y-L
UKI,JUN/SAT-SUN/0930-2000,AIRPORT,Y-L
UKI,JUL-AUG/MON-FRI/0800-2030,AIRPORT,Y-L
UKI,JUL-AUG/SAT-SUN/1000-2030,AIRPORT,Y-L
UKI,SEP/MON-FRI/0800-2000,AIRPORT,Y-L
UKI,SEP/SAT-SUN/0930-2000,AIRPORT,Y-L
UKI,OCT/ALL/0800-1930,AIRPORT,Y-L
UKI,NOV/ALL/0800-1800,AIRPORT,Y-L
UKI,DEC-APR/ALL/0800-1730,AIRPORT,Y-L
UKI,MAY/MON-FRI/0800-1930,AIRPORT,Y-L
UKI,MAY/SAT-SUN/0930-1930,AIRPORT,Y-L
VNY,ALL/ALL/ALL,AIRPORT,Y-L
WVI,ALL/ALL/0900-1700,AIRPORT,Y-L
ALS,ALL/ALL/0800-1930,AIRPORT,Y-L
ASE,ALL/ALL/0700-2300,AIRPORT,Y-L
1V6,ALL/ALL/0800-1700,AIRPORT,Y-L
COS,ALL/ALL/ALL,AIRPORT,Y
CEZ,ALL/ALL/DAWN-DUSK,AIRPORT,Y-L
BJC,ALL/ALL/ALL,AIRPORT,Y-L
APA,ALL/ALL/ALL,AIRPORT,Y-L
DRO,ALL/ALL/0400-2400,AIRPORT,Y-L
EGE,APR-NOV/ALL/0700-1900,AIRPORT,Y-L
EGE,DEC-MAR/ALL/0700-2300,AIRPORT,Y-L
FNL,ALL/ALL/ALL,AIRPORT,Y-L
FMM,ALL/MON-SAT/0800-1700,AIRPORT,Y-L
GNB,UNATNDD,AIRPORT,Y-L
GJT,ALL/ALL/0530-0000L,AIRPORT,Y-L
HDN,ALL/ALL/0600-2000,AIRPORT,Y-L
MVI,ALL/MON-FRI/0800-1700,AIRPORT,Y-L
MVI,ALL/SAT-SUN/ON-CALL,AIRPORT,Y-L
MTJ,APR1-DEC15/ALL/0530-2100,AIRPORT,Y-L
MTJ,DEC16-MAR31/ALL/0500-2100,AIRPORT,Y-L
PUB,ALL/ALL/0500-2200,AIRPORT,Y
RIL,ALL/ALL/ALL,AIRPORT,Y-L
SBS,MAY-OCT/ALL/0700-1700,AIRPORT,Y-L
SBS,NOV-APR/ALL/0700-1700,AIRPORT,Y-L
BDR,ALL/ALL/0600-2400,AIRPORT,Y-L
GON,"ALL/ALL/0600- 2100",AIRPORT,Y-L
BDL,ALL/ALL/ALL,AIRPORT,Y-L
IAD,ALL/ALL/ALL,AIRPORT,Y-L
HEF,ALL/ALL/0630-2230,AIRPORT,Y-L
BOW,ALL/ALL/0600-1800,AIRPORT,Y-L
BCT,ALL/ALL/ALL,AIRPORT,Y-L
BKV,ALL/ALL/0600-2200,AIRPORT,Y-L
CLW,ALL/ALL/0700-2300,AIRPORT,Y-L
CEW,ALL/ALL/0600-2000,AIRPORT,Y-L
FLL,ALL/ALL/ALL,AIRPORT,Y
FXE,ALL/ALL/ALL,AIRPORT,Y-L
RSW,ALL/ALL/0700-0100,AIRPORT,Y-L
FPR,ALL/ALL/0700-2100,AIRPORT,Y-L
JAX,ALL/ALL/ALL,AIRPORT,Y-L
VQQ,ALL/MON-FRI/0700-2300,AIRPORT,Y-L
VQQ,ALL/SAT-SUN/0700-2100,AIRPORT,Y-L
CRG,ALL/MON-FRI/0600-2300,AIRPORT,Y-L
CRG,ALL/SAT-SUN/0700-2200,AIRPORT,Y-L
EYW,ALL/ALL/0700-2300,AIRPORT,Y-L
LCQ,ALL/ALL/0800-1800,AIRPORT,Y-L
LAL,ALL/ALL/ALL,AIRPORT,Y
MKY,ALL/ALL/0700-1900,AIRPORT,Y-L
MLB,ALL/ALL/ALL,AIRPORT,Y-L
MIA,ALL/ALL/ALL,AIRPORT,Y-L
2R4,ALL/ALL/0700-DUSK,AIRPORT,Y-L
APF,ALL/ALL/0600-2200,AIRPORT,Y-L
EVB,ALL/ALL/0700-2200,AIRPORT,Y-L
OCF,ALL/ALL/0600-2100,AIRPORT,Y-L
ISM,ALL/ALL/0700-2200,AIRPORT,Y-L
MCO,ALL/ALL/ALL,AIRPORT,Y-L
ORL,ALL/ALL/ALL,AIRPORT,Y-L
ECP,ALL/ALL/ALL,AIRPORT,Y-L
SRQ,ALL/ALL/ALL,AIRPORT,Y-L
SUA,ALL/ALL/0800-2300,AIRPORT,Y-L
TLH,ALL/ALL/ALL,AIRPORT,Y-L
X21,ALL/ALL/0800-2000,AIRPORT,Y-L
TIX,ALL/ALL/0700-2100,AIRPORT,Y-L
VNC,ALL/ALL/0700-1900,AIRPORT,Y-L
X60,ALL/ALL/0730-1730,AIRPORT,Y-L
AHN,ALL/ALL/0600-2100,AIRPORT,Y
FFC,DECEMBER/24/0700-1200,AIRPORT,Y-L
FFC,ALL/ALL/0700-2000,AIRPORT,Y-L
FFC,DECEMBER/25/CLSD,AIRPORT,Y-L
FFC,NOVEMBER/26/0700-1200,AIRPORT,Y-L
RYY,ALL/ALL/0600-0000,AIRPORT,Y-L
PDK,ALL/ALL/ALL,AIRPORT,Y-L
DNL,ALL/ALL/0700-DUSK,AIRPORT,Y-L
AGS,ALL/ALL/ALL,AIRPORT,Y
18A,UNATNDD,AIRPORT,Y-L
CNI,ALL/ALL/0800-1800,AIRPORT,Y-L
CTJ,ALL/MON-SAT/0800-1800,AIRPORT,Y-L
CTJ,ALL/SUN/1300-1700,AIRPORT,Y-L
48A,ALL/MON-SAT/0800-1200,AIRPORT,Y-L
HMP,ALL/MON-FRI/0800-1700,AIRPORT,Y-L
AZE,ALL/MON-FRI/0800-1700,AIRPORT,Y-L
JZP,ALL/ALL/0900-1800,AIRPORT,Y-L
09J,ALL/ALL/0900-1600,AIRPORT,Y-L
LZU,ALL/ALL/ALL,AIRPORT,Y-L
SAV,ALL/ALL/0600-2300,AIRPORT,Y-L
OPN,ALL/ALL/0800-1800,AIRPORT,Y-L
VDI,ALL/ALL/0800-1800,AIRPORT,Y-L
WDR,ALL/SUN/1100-1700,AIRPORT,Y-L
WDR,ALL/M-F/0900-1800,AIRPORT,Y-L
WDR,ALL/SAT/0900-1700,AIRPORT,Y-L
BOI,ALL/ALL/ALL,AIRPORT,Y-L
65S,ALL/MON-FRI/0800-1700,AIRPORT,Y-L
65S,ALL/SAT/0800-1600,AIRPORT,Y-L
LLJ,ALL/MON-FRI/0700-1700,AIRPORT,Y-L
COE,ALL/ALL/0700-1700,AIRPORT,Y-L
GIC,UNATNDD,AIRPORT,Y-L
SUN,ALL/ALL/0700-2300,AIRPORT,Y-L
IDA,ALL/ALL/0530-2130,AIRPORT,Y-L
JER,ALL/ALL/0800-1700,AIRPORT,Y-L
LWS,ALL/ALL/0530-2100,AIRPORT,Y-L
MYL,OCT-APR/ALL/0900L-1600L,AIRPORT,Y-L
MYL,MAY-SEP/ALL/0800L-1800L,AIRPORT,Y-L
MAN,ALL/ALL/0800-1700,AIRPORT,Y-L
PIH,ALL/ALL/0600-2200,AIRPORT,Y-L
U10,ALL/ALL/DALGT,AIRPORT,Y-L
SMN,ALL/ALL/0800-1700,AIRPORT,Y-L
SZT,WINTER/ALL/0800-1700,AIRPORT,Y-L
SZT,SUMMER/ALL/0700-1700,AIRPORT,Y-L
TWF,ALL/ALL/0630-2000,AIRPORT,Y-L
CPS,ALL/ALL/ALL,AIRPORT,Y-L
UGN,ALL/ALL/ALL,AIRPORT,Y-L
DPA,ALL/ALL/ALL,AIRPORT,Y-L
MLI,ALL/ALL/ALL,AIRPORT,Y-L
PIA,ALL/ALL/ALL,AIRPORT,Y-L
RFD,ALL/ALL/ALL,AIRPORT,Y-L
SPI,ALL/ALL/0530-0000,AIRPORT,Y-L
BAK,ALL/ALL/0600-2000,AIRPORT,Y-L
EVV,ALL/ALL/ALL,AIRPORT,Y-L
GYY,ALL/ALL/ALL,AIRPORT,Y-L
HFY,ALL/MON-SAT/0700-1900,AIRPORT,Y-L
HFY,ALL/SUN/0800-1700,AIRPORT,Y-L
IND,ALL/ALL/ALL,AIRPORT,Y-L
LAF,ALL/ALL/0600-2200,AIRPORT,Y-L
RID,ALL/ALL/0800-1745,AIRPORT,Y-L
DBQ,ALL/ALL/0600-2200,AIRPORT,Y-L
GCK,ALL/ALL/0700-2100,AIRPORT,Y-L
HUT,ALL/MON-FRI/0800-1800,AIRPORT,Y-L
HUT,ALL/SAT-SUN/0800-1700,AIRPORT,Y-L
LBL,ALL/MON-FRI/0600-2000,AIRPORT,Y-L
LBL,ALL/SAT-SUN/0700-2000,AIRPORT,Y-L
EWK,ALL/ALL/0700-2300,AIRPORT,Y-L
TOP,ALL/ALL/0700-2100,AIRPORT,Y-L
ICT,ALL/ALL/ALL,AIRPORT,Y-L
AAO,ALL/ALL/ALL,AIRPORT,Y-L
IAB,ALL/ALL/ALL,AIRPORT,Y
BWG,ALL/ALL/ALL,AIRPORT,Y-L
FFT,ALL/MON-FRI/0700-2000,AIRPORT,Y
FFT,ALL/SAT-SUN/0900-1800,AIRPORT,Y
GLW,ALL/MON-SAT/0800-1700,AIRPORT,Y-L
LOZ,NOV-MAR/SAT-SUN/0800-1900,AIRPORT,Y
LOZ,APR-OCT/MON-FRI/0700-2000,AIRPORT,Y
LOZ,APR-OCT/SAT-SUN/0800-2000,AIRPORT,Y
LOZ,NOV-MAR/MON-FRI/0700-1900,AIRPORT,Y
2I0,ALL/MON-FRI/0700-1700,AIRPORT,Y-L
2I0,ALL/HOLIDAY/0800-1700,AIRPORT,Y-L
2I0,ALL/SAT-SUN/0800-1700,AIRPORT,Y-L
M25,ALL/ALL/0700-1500,AIRPORT,Y-L
EKQ,ALL/MON-SAT/0830-1730,AIRPORT,Y-L
EKQ,ALL/SUN/UNATNDD,AIRPORT,Y-L
IOB,ALL/ALL/0800-1800,AIRPORT,Y-L
PAH,ALL/ALL/0500-1800,AIRPORT,Y-L
SJS,ALL/ALL/0800-DUSK,AIRPORT,Y-L
HUM,ALL/ALL/0600-1900,AIRPORT,Y-L
LFT,ALL/ALL/ALL,AIRPORT,Y-L
MLU,ALL/ALL/ALL,AIRPORT,Y-L
NEW,ALL/ALL/ALL,AIRPORT,Y-L
SHV,ALL/ALL/ALL,AIRPORT,Y-L
TVR,ALL/ALL/0700-1900,AIRPORT,Y-L
BGR,ALL/ALL/ALL,AIRPORT,Y-L
RKD,ALL/MON-FRI/0600-1700,AIRPORT,Y-L
SFM,OCT-MAY/ALL/0700-1700,AIRPORT,Y-L
SFM,JUN-SEPT/ALL/0700-1900,AIRPORT,Y-L
BWI,ALL/ALL/ALL,AIRPORT,Y-L
FDK,ALL/ALL/0700-2100++,AIRPORT,Y-L
AQW,ALL/ALL/0800-1630,AIRPORT,Y-L
OWD,"ALL/MON - FRI/0800-1700",AIRPORT,Y-L
GLR,MAY-OCT/ALL/0730-1800,AIRPORT,Y-L
GLR,NOV-APR/ALL/0630-1700,AIRPORT,Y-L
OZW,ALL/SAT-SUN/0800-1200,AIRPORT,Y-L
OZW,ALL/MON-FRI/0700-1700,AIRPORT,Y-L
LAN,ALL/ALL/ALL,AIRPORT,Y-L
SAW,ALL/ALL/0500-2000,AIRPORT,Y-L
OSC,ALL/MON-FRI/0800-1700,AIRPORT,Y-L
OSC,"ALL/SAT-SUN/ON CALL",AIRPORT,Y-L
PLN,ALL/ALL/0600-2300,AIRPORT,Y-L
LWA,ALL/ALL/0900-1700,AIRPORT,Y-L
TVC,ALL/ALL/0400-0100,AIRPORT,Y-L
AIT,APR-OCT/ALL/0800-1700,AIRPORT,Y-L
AIT,NOV-MAR/MON-FRI/0900-1700,AIRPORT,Y-L
AUM,ALL/SAT/0800-1600,AIRPORT,Y-L
AUM,ALL/SUN/0900-1500,AIRPORT,Y-L
AUM,ALL/MON-FRI/0800-1700,AIRPORT,Y-L
BJI,ALL/MON/0700-2100,AIRPORT,Y-L
BJI,ALL/SAT-SUN/0800-1700,AIRPORT,Y-L
BJI,ALL/TUE-FRI/0600-2100,AIRPORT,Y-L
BRD,JUL-OCT/ALL/0500-2300,AIRPORT,Y-L
BRD,NOV-JUN/ALL/0500-2300,AIRPORT,Y-L
COQ,ALL/MON-SAT/0800-1700,AIRPORT,Y-L
DLH,ALL/ALL/ALL,AIRPORT,Y
ELO,ALL/ALL/0800-1700,AIRPORT,Y-L
GPZ,NOV-MAR/ALL/0700-2000,AIRPORT,Y-L
GPZ,APR-OCT/ALL/0700-2100,AIRPORT,Y-L
HIB,ALL/ALL/0600-2200,AIRPORT,Y-L
INL,ALL/ALL/DALGT,AIRPORT,Y
MKT,ALL/SAT-SUN/0800-1900,AIRPORT,Y-L
MKT,ALL/MON-FRI/0700-2000,AIRPORT,Y-L
MSP,ALL/ALL/ALL,AIRPORT,Y-L
ANE,ALL/ALL/ALL,AIRPORT,Y-L
FCM,ALL/ALL/ALL,AIRPORT,Y-L
RST,ALL/ALL/ALL,AIRPORT,Y-L
STP,ALL/ALL/ALL,AIRPORT,Y-L
SGS,ALL/MON-SAT/0830-1700,AIRPORT,Y-L
SGS,ALL/SUN/0830-1530,AIRPORT,Y-L
TWM,NOV-APR/MON-FRI/0800-1700,AIRPORT,Y-L
TWM,MAY-OCT/SUN-SAT/0800-1700,AIRPORT,Y-L
RRT,ALL/MON-FRI/0700-1700,AIRPORT,Y-L
HSA,ALL/MON-FRI/0700-1900,AIRPORT,Y-L
HSA,ALL/SAT-SUN/0800-2000,AIRPORT,Y-L
GTR,ALL/ALL/ALL,AIRPORT,Y-L
JAN,ALL/ALL/ALL,AIRPORT,Y-L
MEI,ALL/ALL/0600-2200,AIRPORT,Y-L
HEZ,ALL/ALL/0600-2000,AIRPORT,Y-L
UOX,ALL/ALL/0700-1800,AIRPORT,Y-L
VKS,ALL/MON-FRI/0730-1700,AIRPORT,Y-L
M17,ALL/MON-SAT/0800-1700,AIRPORT,Y-L
BBG,ALL/ALL/ALL,AIRPORT,Y
CGI,ALL/MON-FRI/0600-1900,AIRPORT,Y-L
CGI,ALL/SAT-SUN/0600-1800,AIRPORT,Y-L
AIZ,MAY-SEP/MON-WED/0800-1800,AIRPORT,Y-L
AIZ,OCT-APR/ALL/0800-1800,AIRPORT,Y-L
AIZ,MAY-SEP/THU-SUN/0800-2000,AIRPORT,Y-L
MKC,ALL/ALL/ALL,AIRPORT,Y-L
TKX,ALL/SUN/1300-1700,AIRPORT,Y-L
TKX,ALL/MON-SAT/0800-1700,AIRPORT,Y-L
IRK,ALL/ALL/0530-2000,AIRPORT,Y-L
MBY,ALL/ALL/0800-1700,AIRPORT,Y-L
VIH,ALL/SAT-SUN/0700-1700,AIRPORT,Y-L
VIH,ALL/MON-FRI/0600-1700,AIRPORT,Y-L
SIK,ALL/ALL/0800-1700,AIRPORT,Y-L
SGF,ALL/ALL/ALL,AIRPORT,Y-L
BHK,ALL/MON-FRI/0800-1700,AIRPORT,Y-L
BHK,ALL/SAT/0800-1200,AIRPORT,Y-L
6S0,ALL/MON-FRI/0800-1700,AIRPORT,Y-L
6S0,"ALL/SAT-SUN/ON CALL",AIRPORT,Y-L
BIL,ALL/ALL/ALL,AIRPORT,Y-L
BZN,ALL/ALL/0500-0100,AIRPORT,Y-L
8S0,UNATNDD,AIRPORT,Y
BTM,ALL/ALL/DAWN-DUSK,AIRPORT,Y-L
LTY,MAR-NOV/MON-FRI/0800-1700,AIRPORT,Y-L
LTY,DEC-FEB/IREG/,AIRPORT,Y-L
6S3,ALL/MON-FRI/0800-1700,AIRPORT,Y
CTB,ALL/ALL/0830-1730,AIRPORT,Y-L
38S,UNATNDD,AIRPORT,Y-L
DLN,ALL/ALL/0800-1700,AIRPORT,Y-L
GTF,ALL/ALL/ALL,AIRPORT,Y
HRF,ALL/ALL/0800-1700,AIRPORT,Y-L
HLN,ALL/ALL/0500-0100,AIRPORT,Y-L
GPI,ALL/ALL/ALL,AIRPORT,Y-L
LWT,ALL/MON-FRI/0800-1700,AIRPORT,Y-L
MLS,ALL/ALL/DALGT,AIRPORT,Y-L
MSO,ALL/ALL/ALL,AIRPORT,Y-L
8S1,ALL/ALL/0800-1700,AIRPORT,Y-L
7S0,UNATNDD,AIRPORT,Y-L
SDY,ALL/ALL/0600-1900,AIRPORT,Y-L
32S,UNATNDD,AIRPORT,Y-L
RVF,ALL/MON-FRI/0800-1700,AIRPORT,Y-L
WYS,MAY-OCT/ALL/0800-1700,AIRPORT,Y-L
FET,ALL/ALL/0700-2000,AIRPORT,Y-L
EAR,ALL/ALL/0600-2000,AIRPORT,Y-L
LNK,ALL/ALL/ALL,AIRPORT,Y-L
LBF,ALL/ALL/0600-2300,AIRPORT,Y-L
OMA,ALL/ALL/ALL,AIRPORT,Y-L
BFF,ALL/ALL/0600-2100,AIRPORT,Y-L
SNY,ALL/ALL/0700-1800,AIRPORT,Y
BAM,JUN-SEP/ALL/0700-1800,AIRPORT,Y-L
BAM,OCT-MAY/ALL/0700-1700,AIRPORT,Y-L
BVU,ALL/ALL/0800-1700,AIRPORT,Y-L
CXP,ALL/ALL/0600-2000,AIRPORT,Y-L
EKO,ALL/ALL/0500-1900,AIRPORT,Y-L
ELY,ALL/MON-SAT/0800-1700,AIRPORT,Y-L
INS,ALL,AIRPORT,Y
VGT,ALL/ALL/0600-2230,AIRPORT,Y-L
HND,ALL/ALL/0500-2200,AIRPORT,Y-L
LAS,ALL/ALL/ALL,AIRPORT,Y-L
LOL,UNATNDD,AIRPORT,Y
MEV,ALL/ALL/0800-1700,AIRPORT,Y-L
RNO,ALL/ALL/ALL,AIRPORT,Y-L
RTS,"ALL/MONDAY - FRIDAY/0700-1630",AIRPORT,Y-L
EEN,ALL/MON-FRI/0700-1900,AIRPORT,Y-L
EEN,ALL/SAT-SUN/0700-1700,AIRPORT,Y-L
ACY,ALL/ALL/ALL,AIRPORT,Y-L
MMU,ALL/ALL/0645-2230,AIRPORT,Y-L
WWD,ALL/ALL/0800-1700,AIRPORT,Y-L
ALM,ALL/ALL/0700-1700,AIRPORT,Y-L
AEG,ALL/ALL/0600-1900,AIRPORT,Y-L
ABQ,ALL/ALL/ALL,AIRPORT,Y-L
BRG,ALL/MON-FRI/0800-1700,AIRPORT,Y-L
CVN,ALL/ALL/0700-1700,AIRPORT,Y-L
DMN,ALL/ALL/0700-1800,AIRPORT,Y-L
FMN,ALL/ALL/0600-2200,AIRPORT,Y-L
LVS,ALL/MON-FRI/0800-1700,AIRPORT,Y-L
ROW,ALL/ALL/0600-2100,AIRPORT,Y-L
SAF,ALL/ALL/0600-2200,AIRPORT,Y-L
SVC,ALL/ALL/0600-1700,AIRPORT,Y-L
SKX,ALL/ALL/0800-1800,AIRPORT,Y-L
ITH,ALL/ALL/0500-0000,AIRPORT,Y-L
PEO,ALL/SAT/0900-1500,AIRPORT,Y
PEO,ALL/SUN/0900-1500,AIRPORT,Y
PEO,ALL/MON-FRI/0800-1700,AIRPORT,Y
POU,ALL/ALL/0700-2130,AIRPORT,Y-L
AVL,ALL/ALL/ALL,AIRPORT,Y-L
JQF,ALL/ALL/ALL,AIRPORT,Y-L
GSO,ALL/ALL/ALL,AIRPORT,Y-L
MQI,ALL/ALL/0800-1900,AIRPORT,Y-L
EQY,ALL/ALL/0700-1900,AIRPORT,Y-L
14A,"ALL/SAT - SUN/1000-1600",AIRPORT,Y
14A,"ALL/MON - FRI/0800-1700",AIRPORT,Y
SOP,ALL/ALL/0800-2000,AIRPORT,Y-L
SVH,ALL/SAT-SUN/0800-2100,AIRPORT,Y-L
SVH,ALL/MON-FRI/0600-2100,AIRPORT,Y-L
BIS,ALL/ALL/ALL,AIRPORT,Y-L
DIK,ALL/ALL/0700-1600,AIRPORT,Y-L
FAR,ALL/ALL/ALL,AIRPORT,Y-L
JMS,ALL/MON-FRI/0800-1700,AIRPORT,Y-L
S25,ALL/MON-FRI/0800-1700,AIRPORT,Y-L
XWA,ALL/ALL/0700-1900,AIRPORT,Y-L
UNI,ALL/ALL/ALL,AIRPORT,Y-L
LUK,ALL/ALL/ALL,AIRPORT,Y-L
DFI,ALL/MON-FRI/0800-1800,AIRPORT,Y-L
DFI,ALL/SAT/0800-1700,AIRPORT,Y-L
TOL,ALL/ALL/ALL,AIRPORT,Y-L
ADH,ALL/MON-SAT/0800-1700,AIRPORT,Y-L
ADH,ALL/SUN/1200-1700,AIRPORT,Y-L
ADM,ALL/MON-FRI/0700-2300,AIRPORT,Y
ADM,ALL/SAT-SUN/0700-1700,AIRPORT,Y
BVO,ALL/MON-THU/0700-1900,AIRPORT,Y-L
BVO,ALL/FRI-SUN/0700-1800,AIRPORT,Y-L
6K4,ALL/MON-SAT/DALGT,AIRPORT,Y-L
OKC,ALL/ALL/ALL,AIRPORT,Y-L
RCE,ALL/MON-SAT/0730-1730,AIRPORT,Y-L
PNC,ALL/ALL/0700-1900,AIRPORT,Y-L
TUL,ALL/ALL/ALL,AIRPORT,Y-L
AST,ALL/ALL/0800-1700,AIRPORT,Y-L
UAO,ALL/ALL/0700-2000,AIRPORT,Y-L
BKE,OCT-APR/ALL/0700-1600,AIRPORT,Y-L
BKE,MAY-SEPT/ALL/0800-1700,AIRPORT,Y-L
BDN,ALL/SAT-SUN/0800-1700,AIRPORT,Y-L
BDN,ALL/MON-FRI/0730-1800,AIRPORT,Y-L
BNO,"ALL/MON -SAT/0800-1800",AIRPORT,Y-L
CVO,ALL/ALL/0800-DUSK,AIRPORT,Y-L
77S,ALL/SAT-SUN/1100-1600,AIRPORT,Y-L
77S,ALL/MON-FRI/0900-1800,AIRPORT,Y-L
EUG,ALL/ALL/ALL,AIRPORT,Y-L
4S2,NOV-APR/ALL/0800-1700,AIRPORT,Y
4S2,MAY-OCT/ALL/0800-1800,AIRPORT,Y
GCD,JUN-SEP/ALL/0700-1900,AIRPORT,Y-L
GCD,OCT-MAY/MON-SAT/0800-1600,AIRPORT,Y-L
LMT,ALL/SAT-SUN/UNATNDD,AIRPORT,Y-L
LMT,ALL/MON-FRI/0630-1700,AIRPORT,Y-L
LGD,ALL/ALL/0800-1700,AIRPORT,Y-L
LKV,APR-SEP/ALL/0900-1600,AIRPORT,Y-L
LKV,OCT-MAR/ALL/0700-1700,AIRPORT,Y-L
MMV,ALL/ALL/1600-0100Z,AIRPORT,Y-L
S33,MAY-OCT/ALL/0800-1800,AIRPORT,Y-L
S33,NOV-APR/ALL/0800-1700,AIRPORT,Y-L
MFR,ALL/ALL/0500-2400,AIRPORT,Y-L
ONP,ALL/ALL/0800-1700,AIRPORT,Y-L
OTH,ALL/ALL/0500-2100,AIRPORT,Y-L
ONO,ALL/ALL/0800-1700,AIRPORT,Y-L
22S,UNATNDD,AIRPORT,Y
PDT,ALL/ALL/0600-2000,AIRPORT,Y-L
HIO,ALL/ALL/0600-2200,AIRPORT,Y-L
PDX,ALL/ALL/ALL,AIRPORT,Y-L
S39,ALL/MON-FRI/0800-16:30,AIRPORT,Y-L
S39,ALL/SAT-SUN/0900-1400,AIRPORT,Y-L
RDM,ALL/ALL/0400-2000,AIRPORT,Y
REO,UNATNDD,AIRPORT,Y
RBG,ALL/ALL/0800-1700,AIRPORT,Y
SLE,ALL/ALL/0730-DUSK,AIRPORT,Y-L
SPB,ALL/ALL/0800-DUSK,AIRPORT,Y-L
S21,"MAY 15 - 14 OCT/ALL/0700-1900",AIRPORT,Y-L
S21,"15 OCT - 14 MAY/ALL/0800-1800",AIRPORT,Y-L
DLS,ALL/ALL/0800-1700,AIRPORT,Y-L
TMK,ALL/ALL/0900-1700,AIRPORT,Y-L
CXY,ALL/ALL/0600-2300,AIRPORT,Y-L
PHL,ALL/ALL/ALL,AIRPORT,Y-L
PNE,ALL/SAT-SUN/0600-2230,AIRPORT,Y-L
PNE,ALL/MON-FRI/0500-0030,AIRPORT,Y-L
AGC,ALL/ALL/ALL,AIRPORT,Y-L
UNV,ALL/ALL/ALL,AIRPORT,Y-L
AIK,ALL/ALL/0600-1800,AIRPORT,Y
JZI,ALL/ALL/0600-2200,AIRPORT,Y-L
CHS,ALL/ALL/ALL,AIRPORT,Y
CUB,ALL/ALL/0600-2200,AIRPORT,Y-L
GMU,ALL/MON-FRI/0600-2100,AIRPORT,Y-L
GMU,ALL/SAT-SUN/0700-2000,AIRPORT,Y-L
GYH,ALL/ALL/0600-1900,AIRPORT,Y-L
HXD,ALL/ALL/0600-2200,AIRPORT,Y-L
ABR,ALL/MON-FRI/0330-2400L,AIRPORT,Y-L
HON,ALL/ALL/0700-SS,AIRPORT,Y-L
PIR,ALL/MON-FRI/0500-2400,AIRPORT,Y-L
PIR,ALL/SAT-SUN/0500-2200,AIRPORT,Y-L
RAP,ALL/ALL/ALL,AIRPORT,Y-L
FSD,ALL/ALL/ALL,AIRPORT,Y-L
SPF,ALL/ALL/0730-DUSK,AIRPORT,Y-L
YKN,ALL/MON-FRI/0800-1700,AIRPORT,Y-L
TRI,ALL/ALL/ALL,AIRPORT,Y-L
CHA,ALL/ALL/ALL,AIRPORT,Y-L
RZR,ALL/ALL/0700-1800,AIRPORT,Y-L
M29,UNATNDD,AIRPORT,Y
M02,ALL/ALL/0800-1800,AIRPORT,Y-L
HZD,ALL/MON-SAT/0800-1700,AIRPORT,Y-L
HZD,ALL/SUN/1300-1700,AIRPORT,Y-L
MKL,ALL/MON-FRI/0600-2030,AIRPORT,Y-L
MKL,ALL/SAT-SUN/0700-1930,AIRPORT,Y-L
DKX,ALL/ALL/0700-2200,AIRPORT,Y-L
TYS,ALL/ALL/ALL,AIRPORT,Y-L
M54,"OCT - FEB/ALL/0700-1700",AIRPORT,Y-L
M54,"MAR - SEP/ALL/0700-1900",AIRPORT,Y-L
MNV,ALL/ALL/0900-1700,AIRPORT,Y-L
NQA,ALL/MON-FRI/0730-0200,AIRPORT,Y-L
NQA,ALL/SAT-SUN/0700-1900,AIRPORT,Y-L
BNA,ALL/ALL/ALL,AIRPORT,Y-L
JWN,ALL/ALL/ALL,AIRPORT,Y-L
PHT,ALL/MON-SAT/0800-1630,AIRPORT,Y-L
ABI,ALL/ALL/ALL,AIRPORT,Y-L
AMA,ALL/ALL/ALL,AIRPORT,Y-L
AUS,ALL/ALL/ALL,AIRPORT,Y-L
BMT,ALL/ALL/0700-1900,AIRPORT,Y-L
BEA,UNATNDD,AIRPORT,Y-L
BPG,ALL/MON-FRI/0800-1700,AIRPORT,Y-L
XBP,ALL/MON-FRI/0700-1600,AIRPORT,Y-L
CDS,ALL/ALL/0900-1700,AIRPORT,Y-L
CLL,ALL/ALL/0600-2200,AIRPORT,Y-L
CRP,ALL/ALL/ALL,AIRPORT,Y-L
ADS,ALL/ALL/0600-2200,AIRPORT,Y-L
DAL,ALL/ALL/ALL,AIRPORT,Y-L
LUD,ALL/ALL/0800-1700,AIRPORT,Y-L
DTO,ALL/ALL/0600-2200,AIRPORT,Y-L
ELP,ALL/ALL/ALL,AIRPORT,Y-L
BKS,NOV-FEB/ALL/0900-1700,AIRPORT,Y-L
BKS,MAR-OCT/MON-FRI/0900-1600,AIRPORT,Y-L
FTW,ALL/ALL/ALL,AIRPORT,Y-L
AFW,ALL/ALL/ALL,AIRPORT,Y-L
T82,ALL/MON-FRI/0800-1700,AIRPORT,Y-L
GTU,ALL/ALL/0700-1900,AIRPORT,Y-L
GVT,ALL/SUN-THU/0730-1700,AIRPORT,Y-L
GVT,ALL/FRI-SAT/0730-1800,AIRPORT,Y-L
DZB,ALL/ALL/0700-1900,AIRPORT,Y
EFD,ALL/ALL/ALL,AIRPORT,Y-L
IAH,ALL/ALL/ALL,AIRPORT,Y-L
TME,ALL/ALL/ALL,AIRPORT,Y-L
HOU,ALL/ALL/ALL,AIRPORT,Y
CXO,ALL/MON-FRI/0800-1700,AIRPORT,Y-L
CXO,ALL/SAT-SUN/0800-1600,AIRPORT,Y-L
AQO,ALL/TUE-THU/0800-1700,AIRPORT,Y-L
AQO,ALL/FRI-MON/0700-1700,AIRPORT,Y-L
GGG,ALL/ALL/0600-2100,AIRPORT,Y-L
LBB,ALL/ALL/ALL,AIRPORT,Y-L
T31,UNATNDD,AIRPORT,Y
MRF,ALL/ALL/0800-1600,AIRPORT,Y-L
MAF,ALL/ALL/ALL,AIRPORT,Y-L
MWL,ALL/ALL/0600-2000,AIRPORT,Y-L
ODO,ALL/ALL/0600-2000,AIRPORT,Y-L
SJT,ALL/ALL/0600-2200,AIRPORT,Y-L
SSF,ALL/ALL/0700-2200,AIRPORT,Y-L
SAT,ALL/ALL/ALL,AIRPORT,Y-L
GNC,ALL/MON-FRI/0800-1800,AIRPORT,Y-L
GNC,ALL/SAT/0800-1200,AIRPORT,Y-L
SWI,ALL/ALL/0800-1700,AIRPORT,Y-L
TRL,ALL/ALL/0800-2000,AIRPORT,Y-L
UVA,ALL/ALL/0700-1900,AIRPORT,Y-L
F05,ALL/MON-SAT/0800-1700,AIRPORT,Y-L
VCT,ALL/MON-FRI/0600-2000,AIRPORT,Y-L
VCT,ALL/SAT/0600-2000,AIRPORT,Y-L
VCT,ALL/SUN/0600-1800,AIRPORT,Y-L
ACT,ALL/ALL/0430-2400,AIRPORT,
SPS,ALL/ALL/ALL,AIRPORT,Y-L
BTF,"APR - SEP/MON-FRI/0800-1800",AIRPORT,Y
BTF,"ALL/SUN/0800 - 1300",AIRPORT,Y
BTF,"OCT - MAR/SAT/0800-1700",AIRPORT,Y
BTF,"OCT - MAR/MON-FRI/0800-1700",AIRPORT,Y
BTF,"APR - SEP/SAT/0800-1800",AIRPORT,Y
CDC,ALL/ALL/DALGT,AIRPORT,Y-L
DPG,ALL/MON-THU/1400-2400Z++,AIRPORT,
CNY,MAR-OCT/ALL/0700-1900,AIRPORT,Y-L
CNY,NOV-FEB/ALL/0800-1700,AIRPORT,Y-L
HIF,ALL/MON-SAT/1500-0700Z++,AIRPORT,Y
HIF,ALL/SAT-SUN/1600-0000Z++,AIRPORT,Y
OGD,ALL/ALL/ALL,AIRPORT,Y-L
PUC,NOV-MAR/MON-SAT/0800-1700,AIRPORT,Y
PUC,APRIL-OCT/MON-SUN/0800-1800,AIRPORT,Y
PVU,NOV-MAY/ALL/0600-2100,AIRPORT,
PVU,JUN-OCT/ALL/0600-2200,AIRPORT,
RIF,ALL/ALL/0800-1700,AIRPORT,Y-L
SGU,ALL/ALL/0600-2400,AIRPORT,Y-L
U42,ALL/ALL/0700-2100,AIRPORT,Y-L
SLC,ALL/ALL/ALL,AIRPORT,Y-L
VEL,ALL/ALL/DAWN-DUSK,AIRPORT,Y-L
ENV,ALL/ALL/0800-1800,AIRPORT,Y
RMN,ALL/ALL/0800-1800,AIRPORT,Y-L
HSP,ALL/ALL/0900-1700,AIRPORT,Y-L
JYO,ALL/ALL/0500-2000,AIRPORT,Y
JFZ,ALL/MON-SAT/0800-1700,AIRPORT,Y-L
RIC,ALL/ALL/ALL,AIRPORT,Y-L
ROA,ALL/ALL/ALL,AIRPORT,Y-L
74S,UNATNDD,AIRPORT,Y
AWO,ALL/M-F/0800-1700,AIRPORT,Y-L
BLI,ALL/ALL/ALL,AIRPORT,Y-L
S97,UNATNDD,AIRPORT,Y-L
BVS,ALL/ALL/0700-1900,AIRPORT,Y-L
DEW,APR-OCT/ALL/0800-1700,AIRPORT,Y-L
DEW,NOV-MAR/ALL/1000-1600,AIRPORT,Y-L
PAE,MAY-OCT/ALL/0700-2100,AIRPORT,Y-L
PAE,NOV-APR/ALL/0700-2100,AIRPORT,Y-L
FHR,ALL/MON-FRI/0800-1700,AIRPORT,Y-L
MWH,ALL/ALL/ALL,AIRPORT,Y-L
OLM,ALL/ALL/0800-1800,AIRPORT,Y-L
PSC,ALL/ALL/0800-2000,AIRPORT,Y-L
CLM,ALL/ALL/0900-1930,AIRPORT,Y-L
PUW,ALL/ALL/0800-1800,AIRPORT,Y-L
RNT,ALL/ALL/0700-DUSK,AIRPORT,Y-L
BFI,ALL/ALL/ALL,AIRPORT,Y-L
GEG,ALL/ALL/ALL,AIRPORT,Y-L
SFF,ALL/ALL/0600-2000,AIRPORT,Y-L
TCM,ALL/ALL/ALL,AIRPORT,
TIW,ALL/ALL/0700-1600,AIRPORT,Y-L
VUO,APR-OCT/ALL/0800-1800,AIRPORT,Y-L
VUO,NOV-MAR/ALL/0800-1700,AIRPORT,Y-L
ALW,ALL/ALL/0800-1800,AIRPORT,Y-L
EAT,ALL/ALL/0800-1800,AIRPORT,Y-L
S52,UNATNDD,AIRPORT,Y
YKM,"ALL/ALL/0600 - 2000",AIRPORT,Y-L
MRB,OCT-APR/ALL/0700-1900,AIRPORT,Y-L
MRB,MAY-SEPT/ALL/0700-1900,AIRPORT,Y-L
I18,ALL/ALL/0800-1600,AIRPORT,Y-L
ATW,ALL/ALL/ALL,AIRPORT,Y-L
GRB,ALL/ALL/0500-2200,AIRPORT,Y-L
ENW,ALL/ALL/0700-2100,AIRPORT,Y
LSE,ALL/ALL/0600-2100,AIRPORT,Y-L
MWC,ALL/MON-FRI/0600-2100,AIRPORT,Y
MWC,ALL/SAT-SUN/0700-2100,AIRPORT,Y
C35,ALL/ALL/0800-1600,AIRPORT,Y-L
SUE,ALL/SUN/1000-1700,AIRPORT,Y-L
SUE,ALL/MON-SAT/0700-1700,AIRPORT,Y-L
Y51,UNATNDD,AIRPORT,Y-L
46U,UNATNDD,AIRPORT,Y
CPR,ALL/ALL/ALL,AIRPORT,Y-L
CYS,ALL/ALL/0600-2200,AIRPORT,Y-L
COD,ALL/ALL/0500-2300,AIRPORT,Y-L
EVW,ALL/ALL/0700-1900,AIRPORT,Y-L
GCC,ALL/ALL/0500-2400,AIRPORT,Y-L
GEY,UNATNDD,AIRPORT,Y-L
JAC,ALL/ALL/0700-2130,AIRPORT,Y-L
LND,ALL/ALL/0600-1600,AIRPORT,Y-L
LAR,ALL/ALL/0500-2100,AIRPORT,Y-L
RKS,ALL/ALL/0400-2200,AIRPORT,Y-L
SAA,DEC-MAR/ALL/0800-1600,AIRPORT,Y-L
SAA,APR-NOV/ALL/0800-1700,AIRPORT,Y-L
SHR,ALL/ALL/DALGT,AIRPORT,Y-L
ADK,ALL/SAT-WED/0800-1600,AIRPORT,Y
7AK,ALL/ALL/0700-1900,AIRPORT,Y-L
6A8,UNATNDD,AIRPORT,Y-L
ANC,ALL/ALL/ALL,AIRPORT,Y-L
MRI,ALL/MON-FRI/0730-1700,AIRPORT,Y-L
EDF,ALL/ALL/ALL,AIRPORT,Y
BRW,ALL/ALL/0600-2030,AIRPORT,Y-L
BET,MAR-OCT/MON-FRI/0630-2200,AIRPORT,Y-L
BET,NOV-APR/SAT-SUN/0700-2100,AIRPORT,Y-L
BET,NOV-APR/MON-FRI/0500-2100,AIRPORT,Y-L
BET,MAR-OCT/SAT-SUN/0700-2200,AIRPORT,Y-L
BGQ,UNATNDD,AIRPORT,Y-L
9A3,UNATNDD,AIRPORT,Y-L
CDB,"ALL/MON - SAT/0700 - 1800",AIRPORT,Y
CDV,ALL/MON-FRI/0600-1630,AIRPORT,Y-L
CDV,ALL/SAT-SUN/0600-1630,AIRPORT,Y-L
BIG,ALL/MON-FRI/1715-0100Z++,AIRPORT,Y
DLG,ALL/ALL/0700-1730,AIRPORT,Y
FBK,ALL/MON-FRI/1700-0800++,AIRPORT,Y
FAI,ALL/ALL/ALL,AIRPORT,Y-L
FYU,UNATNDD,AIRPORT,Y-L
GAL,OCT-APR/MON-FRI/0600-1700,AIRPORT,Y
GKN,JUN-SEP/MON-FRI/0900-1700,AIRPORT,Y-L
GKN,OCT-MAY/MON-FRI/1000-1500,AIRPORT,Y-L
GST,"15 MAY-1 SEP/TUE-THU/0600-1800",AIRPORT,Y
GST,"1 SEP-15 MAY/ALL/0600-1430",AIRPORT,Y
GST,"15 MAY-1SEP/FRI-MON/0930-1800",AIRPORT,Y
HNS,UNATNDD,AIRPORT,Y-L
HOM,NOV-MAR/ALL/0400-2100,AIRPORT,Y-L
HOM,APR-OCT/ALL/0600-2100,AIRPORT,Y-L
HPB,UNATNDD,AIRPORT,Y-L
HLA,UNATNDD,AIRPORT,Y-L
JNU,ALL/ALL/ALL,AIRPORT,Y-L
ENA,ALL/MON-FRI/0800-1700,AIRPORT,Y-L
KTN,ALL/ALL/0600-2130,AIRPORT,Y-L
KVC,UNATNDD,AIRPORT,Y-L
ADQ,"SAME AS ARPT MAINT HRS",AIRPORT,Y-L
MCG,MAY-SEPT/MON-WED/0700-1730,AIRPORT,Y-L
MCG,"OCT-APR/MON-FRI/0800 - 1630",AIRPORT,Y-L
MCG,MAY-SEPT/THURS/0700-1500,AIRPORT,Y-L
MLY,UNATNDD,AIRPORT,Y-L
ENN,UNATTND,AIRPORT,Y-L
OME,ALL/ALL/0700-2100,AIRPORT,Y
NUL,UNATNDD,AIRPORT,Y-L
PAQ,ALL/M-F/0800-1700,AIRPORT,Y
PSG,OCT-MAR/ALL/0500-1600,AIRPORT,Y-L
PSG,APR-SEP/MON-FRI/0600-1630,AIRPORT,Y-L
PSG,APR-SEP/SAT-SUN/0830-1630,AIRPORT,Y-L
PBV,UNATNDD,AIRPORT,Y-L
SNP,UNATNDD,AIRPORT,Y
SDP,"JAN - DEC/MON - SAT/0800-1600",AIRPORT,Y-L
SIT,ALL/ALL/,AIRPORT,Y-L
SXQ,ALL/ALL/0700-1600,AIRPORT,Y-L
TAL,UNATNDD,AIRPORT,Y-L
6K8,ALL/MON-FRI/0800-1800,AIRPORT,Y-L
DUT,ALL/ALL/0800-1630,AIRPORT,Y-L
VDZ,"JAN-DEC/SAT & SUN/0800-1830",AIRPORT,Y-L
VDZ,"JAN-DEC/MON - FRI/0600-1830",AIRPORT,Y-L
WRG,ALL/ALL/0600-1700,AIRPORT,Y-L
YAK,ALL/ALL/1430Z-0130Z,AIRPORT,Y-L
ITO,ALL/ALL/0700-2030,AIRPORT,Y-L
HNL,ALL/ALL/ALL,AIRPORT,Y-L
OGG,ALL/ALL/ALL,AIRPORT,Y
CZBB,ALL/ALL/0700-2100,AIRPORT,Y-L
MYAF,"ALL/ALL/1400-2230Z++ UTC-5(-4DT)",AIRPORT,
MYAM,"ALL/MON-FRI/1200Z++-DUSK UTC-5(-4DT)",AIRPORT,
